{"stats":{"minecraft:custom":{"minecraft:jump":36,"minecraft:open_chest":3,"minecraft:time_since_rest":171,"minecraft:leave_game":1,"minecraft:crouch_one_cm":320,"minecraft:walk_on_water_one_cm":1159,"minecraft:sprint_one_cm":6139,"minecraft:play_time":3544,"minecraft:damage_taken":40,"minecraft:time_since_death":3544,"minecraft:walk_one_cm":1189,"minecraft:sleep_in_bed":1,"minecraft:sneak_time":46,"minecraft:total_world_time":3544,"minecraft:fall_one_cm":1159,"minecraft:fly_one_cm":10435},"minecraft:crafted":{"minecraft:shears":1}},"DataVersion":3465}