{"stats":{"minecraft:used":{"minecraft:cooked_chicken":1},"minecraft:custom":{"minecraft:jump":39,"minecraft:open_chest":3,"minecraft:time_since_rest":883,"minecraft:damage_taken":40,"minecraft:crouch_one_cm":438,"minecraft:leave_game":2,"minecraft:sprint_one_cm":10087,"minecraft:play_time":4256,"minecraft:time_since_death":4256,"minecraft:walk_on_water_one_cm":1159,"minecraft:walk_one_cm":2863,"minecraft:sleep_in_bed":1,"minecraft:sneak_time":72,"minecraft:total_world_time":4256,"minecraft:fall_one_cm":1159,"minecraft:fly_one_cm":11362},"minecraft:crafted":{"minecraft:shears":1}},"DataVersion":3465}