{"stats":{"minecraft:dropped":{"minecraft:amethyst_block":4,"minecraft:flint":1,"minecraft:wooden_axe":1,"minecraft:iron_shovel":1,"minecraft:string":4,"minecraft:smooth_basalt":1,"minecraft:bone":3,"minecraft:gravel":13,"minecraft:cobbled_deepslate":19,"minecraft:rotten_flesh":15,"minecraft:oak_planks":5,"minecraft:diamond_sword":1,"minecraft:gunpowder":2,"minecraft:andesite":2,"minecraft:spider_eye":1,"minecraft:sandstone":2,"minecraft:wooden_pickaxe":1,"minecraft:arrow":4,"minecraft:stone_pickaxe":1,"minecraft:calcite":2},"minecraft:broken":{"minecraft:iron_pickaxe":2,"minecraft:wooden_axe":2},"minecraft:custom":{"minecraft:mob_kills":78,"minecraft:animals_bred":4,"minecraft:interact_with_crafting_table":20,"minecraft:open_barrel":6,"minecraft:bell_ring":40,"minecraft:leave_game":17,"minecraft:time_since_death":239970,"minecraft:climb_one_cm":2388,"minecraft:sprint_one_cm":733353,"minecraft:walk_one_cm":405434,"minecraft:drop":35,"minecraft:talked_to_villager":7,"minecraft:play_time":254822,"minecraft:deaths":2,"minecraft:sneak_time":8175,"minecraft:walk_under_water_one_cm":20362,"minecraft:boat_one_cm":1651,"minecraft:jump":4778,"minecraft:interact_with_brewingstand":1,"minecraft:walk_on_water_one_cm":21966,"minecraft:total_world_time":254822,"minecraft:interact_with_furnace":48,"minecraft:pot_flower":1,"minecraft:sleep_in_bed":12,"minecraft:time_since_rest":18341,"minecraft:damage_taken":2510,"minecraft:damage_dealt":13580,"minecraft:swim_one_cm":47591,"minecraft:fly_one_cm":1095344,"minecraft:open_chest":52,"minecraft:crouch_one_cm":25314,"minecraft:fall_one_cm":103568},"minecraft:crafted":{"minecraft:cooked_chicken":5,"minecraft:furnace":1,"minecraft:bone_meal":3,"minecraft:cooked_mutton":10,"minecraft:diamond_leggings":1,"minecraft:iron_boots":1,"minecraft:spruce_slab":42,"minecraft:stone_pickaxe":1,"minecraft:chest":2,"minecraft:spruce_boat":1,"minecraft:cooked_beef":11,"minecraft:diamond_sword":1,"minecraft:cooked_porkchop":4,"minecraft:crafting_table":4,"minecraft:spruce_planks":268,"minecraft:baked_potato":11,"minecraft:wooden_pickaxe":3,"minecraft:iron_helmet":1,"minecraft:spruce_door":3,"minecraft:bucket":1,"minecraft:stone_axe":1,"minecraft:air":0,"minecraft:spruce_trapdoor":2,"minecraft:iron_chestplate":1,"minecraft:diamond_pickaxe":1,"minecraft:stick":24,"minecraft:iron_ingot":64,"minecraft:iron_pickaxe":2,"minecraft:wooden_axe":3,"minecraft:iron_leggings":1,"minecraft:shears":1,"minecraft:diamond_chestplate":1},"minecraft:killed":{"minecraft:spider":7,"minecraft:skeleton":8,"minecraft:chicken":5,"minecraft:pig":2,"minecraft:salmon":5,"minecraft:iron_golem":3,"minecraft:creeper":2,"minecraft:sheep":7,"minecraft:zombie":31,"minecraft:cow":5},"minecraft:used":{"minecraft:iron_bars":1,"minecraft:spruce_slab":36,"minecraft:chest":2,"minecraft:spruce_planks":108,"minecraft:bell":1,"minecraft:cooked_chicken":3,"minecraft:netherrack":3,"minecraft:torch":30,"minecraft:brewing_stand":1,"minecraft:dirt":16,"minecraft:white_carpet":3,"minecraft:tuff":55,"minecraft:granite":6,"minecraft:spruce_boat":1,"minecraft:wooden_axe":84,"minecraft:lantern":9,"minecraft:stone_bricks":1,"minecraft:red_carpet":3,"minecraft:furnace":6,"minecraft:cooked_beef":11,"minecraft:potato":17,"minecraft:cobbled_deepslate":39,"minecraft:stripped_spruce_wood":1,"minecraft:wheat_seeds":22,"minecraft:cooked_mutton":10,"minecraft:water_bucket":13,"minecraft:diorite":2,"minecraft:spruce_door":1,"minecraft:stone_pickaxe":63,"minecraft:baked_potato":2,"minecraft:leather_chestplate":1,"minecraft:wooden_pickaxe":17,"minecraft:composter":1,"minecraft:blue_bed":2,"minecraft:sand":4,"minecraft:crafting_table":7,"minecraft:red_bed":1,"minecraft:white_bed":3,"minecraft:shears":1,"minecraft:flower_pot":1,"minecraft:diamond_pickaxe":78,"minecraft:apple":1,"minecraft:bread":20,"minecraft:mangrove_propagule":1,"minecraft:string":1,"minecraft:iron_pickaxe":493,"minecraft:spruce_trapdoor":3,"minecraft:spruce_sapling":2,"minecraft:gravel":14,"minecraft:stone_axe":29,"minecraft:blue_carpet":1,"minecraft:diamond_sword":154,"minecraft:cobblestone":206,"minecraft:cooked_porkchop":4,"minecraft:bucket":14,"minecraft:andesite":4,"minecraft:splash_potion":1,"minecraft:bone_meal":17,"minecraft:cobweb":1},"minecraft:mined":{"minecraft:tuff":59,"minecraft:spruce_planks":14,"minecraft:white_bed":9,"minecraft:deepslate_diamond_ore":33,"minecraft:potted_cactus":1,"minecraft:brewing_stand":1,"minecraft:obsidian":9,"minecraft:glow_lichen":1,"minecraft:spruce_trapdoor":2,"minecraft:granite":6,"minecraft:budding_amethyst":1,"minecraft:grass_block":7,"minecraft:spruce_leaves":42,"minecraft:composter":1,"minecraft:sandstone":2,"minecraft:large_fern":1,"minecraft:furnace":5,"minecraft:carrots":1,"minecraft:iron_ore":37,"minecraft:stripped_spruce_log":1,"minecraft:andesite":6,"minecraft:bell":2,"minecraft:potatoes":18,"minecraft:rail":13,"minecraft:deepslate_iron_ore":27,"minecraft:iron_bars":1,"minecraft:lantern":7,"minecraft:packed_ice":3,"minecraft:stone":199,"minecraft:spruce_slab":2,"minecraft:tripwire":1,"minecraft:deepslate_redstone_ore":13,"minecraft:light_gray_carpet":3,"minecraft:glass_pane":1,"minecraft:red_bed":5,"minecraft:crafting_table":4,"minecraft:torch":5,"minecraft:calcite":2,"minecraft:cobblestone":37,"minecraft:copper_ore":1,"minecraft:oak_planks":4,"minecraft:diorite":2,"minecraft:wall_torch":4,"minecraft:blue_bed":6,"minecraft:amethyst_block":4,"minecraft:stripped_spruce_wood":3,"minecraft:wheat":13,"minecraft:ice":42,"minecraft:white_carpet":12,"minecraft:spruce_log":64,"minecraft:coal_ore":56,"minecraft:gravel":10,"minecraft:sand":5,"minecraft:dirt":9,"minecraft:cobweb":1,"minecraft:smooth_basalt":1,"minecraft:stone_bricks":1,"minecraft:netherrack":3,"minecraft:gold_ore":7,"minecraft:deepslate":63,"minecraft:fern":1},"minecraft:picked_up":{"minecraft:crafting_table":4,"minecraft:wheat":7,"minecraft:chicken":5,"minecraft:flower_pot":1,"minecraft:diamond_sword":1,"minecraft:brewing_stand":1,"minecraft:amethyst_block":4,"minecraft:red_bed":5,"minecraft:string":8,"minecraft:raw_copper":4,"minecraft:white_carpet":12,"minecraft:iron_shovel":1,"minecraft:cobbled_deepslate":58,"minecraft:spruce_planks":14,"minecraft:beef":11,"minecraft:calcite":2,"minecraft:poppy":2,"minecraft:light_gray_wool":30,"minecraft:spruce_slab":3,"minecraft:spruce_trapdoor":2,"minecraft:furnace":5,"minecraft:stick":5,"minecraft:raw_iron":64,"minecraft:sandstone":2,"minecraft:composter":1,"minecraft:torch":12,"minecraft:porkchop":4,"minecraft:diorite":2,"minecraft:carrot":4,"minecraft:redstone":58,"minecraft:blue_carpet":1,"minecraft:cactus":1,"minecraft:arrow":4,"minecraft:rotten_flesh":21,"minecraft:mutton":10,"minecraft:obsidian":9,"minecraft:iron_bars":1,"minecraft:rail":13,"minecraft:white_wool":47,"minecraft:cobblestone":231,"minecraft:feather":4,"minecraft:andesite":6,"minecraft:salmon":5,"minecraft:leather":6,"minecraft:potato":42,"minecraft:flint":3,"minecraft:tuff":55,"minecraft:stripped_spruce_wood":3,"minecraft:gunpowder":2,"minecraft:dirt":16,"minecraft:blue_bed":6,"minecraft:lantern":9,"minecraft:red_carpet":3,"minecraft:bone":4,"minecraft:stone_bricks":1,"minecraft:wheat_seeds":22,"minecraft:raw_gold":7,"minecraft:bell":2,"minecraft:iron_ingot":11,"minecraft:stone_pickaxe":1,"minecraft:cobweb":1,"minecraft:rabbit":1,"minecraft:oak_planks":9,"minecraft:smooth_basalt":1,"minecraft:gravel":27,"minecraft:sand":5,"minecraft:stripped_spruce_log":1,"minecraft:spruce_sapling":16,"minecraft:white_bed":9,"minecraft:spruce_log":64,"minecraft:spider_eye":2,"minecraft:diamond":33,"minecraft:spruce_boat":1,"minecraft:granite":6,"minecraft:gray_wool":1,"minecraft:light_gray_carpet":3,"minecraft:netherrack":3,"minecraft:coal":56}},"DataVersion":3465}