{"stats":{"minecraft:picked_up":{"minecraft:crafting_table":3,"minecraft:wheat":3,"minecraft:andesite":3,"minecraft:salmon":5,"minecraft:leather":2,"minecraft:potato":26,"minecraft:tuff":4,"minecraft:stripped_spruce_wood":3,"minecraft:blue_bed":6,"minecraft:dirt":15,"minecraft:red_bed":4,"minecraft:string":1,"minecraft:lantern":9,"minecraft:raw_copper":4,"minecraft:wheat_seeds":12,"minecraft:cobbled_deepslate":14,"minecraft:raw_gold":7,"minecraft:bell":2,"minecraft:spruce_planks":10,"minecraft:iron_ingot":11,"minecraft:beef":5,"minecraft:stone_pickaxe":1,"minecraft:spruce_slab":3,"minecraft:light_gray_wool":9,"minecraft:poppy":2,"minecraft:rabbit":1,"minecraft:oak_planks":4,"minecraft:spruce_trapdoor":2,"minecraft:stick":4,"minecraft:raw_iron":19,"minecraft:composter":1,"minecraft:torch":2,"minecraft:sand":1,"minecraft:carrot":4,"minecraft:spruce_sapling":15,"minecraft:diorite":2,"minecraft:white_bed":9,"minecraft:spruce_log":49,"minecraft:spider_eye":1,"minecraft:rotten_flesh":13,"minecraft:diamond":5,"minecraft:spruce_boat":1,"minecraft:granite":6,"minecraft:coal":56,"minecraft:white_wool":20,"minecraft:cobblestone":133},"minecraft:mined":{"minecraft:tuff":4,"minecraft:spruce_planks":10,"minecraft:white_bed":9,"minecraft:glass_pane":1,"minecraft:red_bed":4,"minecraft:deepslate_diamond_ore":5,"minecraft:spruce_trapdoor":2,"minecraft:crafting_table":3,"minecraft:torch":1,"minecraft:granite":6,"minecraft:grass_block":6,"minecraft:copper_ore":1,"minecraft:cobblestone":4,"minecraft:spruce_leaves":22,"minecraft:composter":1,"minecraft:oak_planks":4,"minecraft:diorite":2,"minecraft:wall_torch":1,"minecraft:blue_bed":6,"minecraft:large_fern":1,"minecraft:carrots":1,"minecraft:stripped_spruce_wood":3,"minecraft:iron_ore":10,"minecraft:wheat":7,"minecraft:ice":42,"minecraft:spruce_log":49,"minecraft:andesite":3,"minecraft:bell":2,"minecraft:potatoes":13,"minecraft:coal_ore":56,"minecraft:deepslate_iron_ore":9,"minecraft:lantern":7,"minecraft:sand":1,"minecraft:dirt":9,"minecraft:packed_ice":3,"minecraft:stone":129,"minecraft:gold_ore":7,"minecraft:spruce_slab":2,"minecraft:deepslate":15,"minecraft:fern":1},"minecraft:custom":{"minecraft:interact_with_furnace":10,"minecraft:mob_kills":20,"minecraft:animals_bred":1,"minecraft:interact_with_crafting_table":16,"minecraft:open_barrel":6,"minecraft:bell_ring":40,"minecraft:leave_game":2,"minecraft:time_since_death":73053,"minecraft:sleep_in_bed":3,"minecraft:climb_one_cm":284,"minecraft:time_since_rest":3556,"minecraft:sprint_one_cm":321766,"minecraft:damage_taken":810,"minecraft:walk_one_cm":233421,"minecraft:drop":3,"minecraft:damage_dealt":5382,"minecraft:swim_one_cm":26894,"minecraft:talked_to_villager":6,"minecraft:fly_one_cm":486582,"minecraft:open_chest":24,"minecraft:crouch_one_cm":14904,"minecraft:play_time":87905,"minecraft:deaths":2,"minecraft:sneak_time":4145,"minecraft:walk_under_water_one_cm":11670,"minecraft:boat_one_cm":1651,"minecraft:jump":2172,"minecraft:walk_on_water_one_cm":10659,"minecraft:total_world_time":87905,"minecraft:fall_one_cm":39257},"minecraft:crafted":{"minecraft:cooked_beef":5,"minecraft:diamond_sword":1,"minecraft:crafting_table":4,"minecraft:spruce_planks":204,"minecraft:wooden_pickaxe":2,"minecraft:iron_helmet":1,"minecraft:spruce_door":3,"minecraft:furnace":1,"minecraft:bucket":1,"minecraft:air":0,"minecraft:spruce_trapdoor":2,"minecraft:iron_chestplate":1,"minecraft:diamond_pickaxe":1,"minecraft:spruce_slab":42,"minecraft:stick":16,"minecraft:iron_ingot":19,"minecraft:iron_pickaxe":2,"minecraft:stone_pickaxe":1,"minecraft:wooden_axe":2,"minecraft:chest":2,"minecraft:iron_leggings":1,"minecraft:spruce_boat":1,"minecraft:shears":1},"minecraft:killed":{"minecraft:salmon":5,"minecraft:spider":2,"minecraft:iron_golem":3,"minecraft:zombie":8,"minecraft:cow":2},"minecraft:dropped":{"minecraft:rotten_flesh":8,"minecraft:stone_pickaxe":1},"minecraft:used":{"minecraft:wheat_seeds":12,"minecraft:diorite":2,"minecraft:spruce_door":1,"minecraft:spruce_slab":36,"minecraft:stone_pickaxe":63,"minecraft:chest":2,"minecraft:spruce_planks":101,"minecraft:wooden_pickaxe":17,"minecraft:leather_chestplate":1,"minecraft:blue_bed":2,"minecraft:composter":1,"minecraft:bell":1,"minecraft:torch":12,"minecraft:dirt":15,"minecraft:red_bed":1,"minecraft:crafting_table":6,"minecraft:white_bed":3,"minecraft:tuff":4,"minecraft:granite":6,"minecraft:spruce_boat":1,"minecraft:wooden_axe":83,"minecraft:diamond_pickaxe":41,"minecraft:iron_pickaxe":184,"minecraft:lantern":9,"minecraft:mangrove_propagule":1,"minecraft:bread":16,"minecraft:spruce_trapdoor":3,"minecraft:spruce_sapling":1,"minecraft:diamond_sword":15,"minecraft:cobblestone":108,"minecraft:furnace":1,"minecraft:andesite":3,"minecraft:bucket":1,"minecraft:cooked_beef":3,"minecraft:cobbled_deepslate":14,"minecraft:stripped_spruce_wood":1,"minecraft:bone_meal":14},"minecraft:broken":{"minecraft:wooden_axe":2}},"DataVersion":3465}