{"stats":{"minecraft:custom":{"minecraft:mob_kills":110,"minecraft:animals_bred":15,"minecraft:interact_with_crafting_table":42,"minecraft:open_barrel":23,"minecraft:bell_ring":40,"minecraft:leave_game":22,"minecraft:time_since_death":486934,"minecraft:climb_one_cm":2388,"minecraft:sprint_one_cm":1308546,"minecraft:walk_one_cm":883774,"minecraft:drop":65,"minecraft:talked_to_villager":107,"minecraft:play_time":501786,"minecraft:deaths":2,"minecraft:sneak_time":15221,"minecraft:walk_under_water_one_cm":34806,"minecraft:boat_one_cm":1651,"minecraft:jump":9160,"minecraft:interact_with_brewingstand":1,"minecraft:walk_on_water_one_cm":44628,"minecraft:total_world_time":501786,"minecraft:interact_with_furnace":93,"minecraft:traded_with_villager":20,"minecraft:pot_flower":1,"minecraft:sleep_in_bed":23,"minecraft:time_since_rest":4023,"minecraft:damage_taken":3675,"minecraft:damage_absorbed":79,"minecraft:damage_dealt":17292,"minecraft:swim_one_cm":79567,"minecraft:fly_one_cm":2283213,"minecraft:open_chest":72,"minecraft:crouch_one_cm":52557,"minecraft:fall_one_cm":179662},"minecraft:dropped":{"minecraft:diamond_axe":1,"minecraft:baked_potato":12,"minecraft:poisonous_potato":2,"minecraft:iron_helmet":1,"minecraft:amethyst_block":4,"minecraft:flint":1,"minecraft:wooden_axe":1,"minecraft:cooked_salmon":2,"minecraft:iron_leggings":1,"minecraft:iron_shovel":1,"minecraft:string":4,"minecraft:spruce_sapling":1,"minecraft:smooth_basalt":1,"minecraft:bone":3,"minecraft:gravel":13,"minecraft:cobbled_deepslate":19,"minecraft:rotten_flesh":24,"minecraft:oak_planks":5,"minecraft:iron_boots":1,"minecraft:salmon":1,"minecraft:diamond_sword":2,"minecraft:potato":109,"minecraft:diamond_pickaxe":1,"minecraft:gunpowder":2,"minecraft:iron_chestplate":1,"minecraft:andesite":2,"minecraft:spider_eye":1,"minecraft:sandstone":2,"minecraft:wooden_pickaxe":1,"minecraft:arrow":4,"minecraft:stone_pickaxe":1,"minecraft:calcite":2},"minecraft:used":{"minecraft:iron_bars":1,"minecraft:flint_and_steel":3,"minecraft:spruce_slab":82,"minecraft:bone_block":1,"minecraft:chest":2,"minecraft:spruce_planks":818,"minecraft:bell":1,"minecraft:cooked_chicken":5,"minecraft:cooked_salmon":6,"minecraft:netherrack":26,"minecraft:torch":95,"minecraft:brewing_stand":1,"minecraft:soul_sand":5,"minecraft:dirt":24,"minecraft:white_carpet":3,"minecraft:spruce_stairs":53,"minecraft:tuff":60,"minecraft:spruce_fence":2,"minecraft:granite":6,"minecraft:obsidian":10,"minecraft:spruce_boat":1,"minecraft:wooden_axe":84,"minecraft:lantern":11,"minecraft:stone_bricks":1,"minecraft:barrel":3,"minecraft:red_carpet":3,"minecraft:soul_soil":8,"minecraft:furnace":6,"minecraft:minecart":3,"minecraft:cooked_beef":11,"minecraft:potato":85,"minecraft:stripped_spruce_wood":1,"minecraft:cobbled_deepslate":40,"minecraft:wheat_seeds":78,"minecraft:cooked_mutton":10,"minecraft:water_bucket":55,"minecraft:diorite":3,"minecraft:spruce_door":1,"minecraft:stone_pickaxe":63,"minecraft:baked_potato":34,"minecraft:leather_chestplate":1,"minecraft:wooden_pickaxe":17,"minecraft:sandstone":3,"minecraft:composter":1,"minecraft:sugar_cane":12,"minecraft:diamond_axe":400,"minecraft:fletching_table":2,"minecraft:blue_bed":2,"minecraft:golden_apple":2,"minecraft:sand":19,"minecraft:rail":85,"minecraft:crafting_table":12,"minecraft:red_bed":2,"minecraft:white_bed":3,"minecraft:shears":1,"minecraft:flower_pot":1,"minecraft:diamond_pickaxe":302,"minecraft:apple":1,"minecraft:bread":23,"minecraft:mangrove_propagule":1,"minecraft:string":1,"minecraft:iron_pickaxe":493,"minecraft:lectern":43,"minecraft:spruce_trapdoor":7,"minecraft:spruce_sapling":2,"minecraft:gravel":19,"minecraft:stone_axe":39,"minecraft:blue_carpet":1,"minecraft:diamond_sword":264,"minecraft:cobblestone":221,"minecraft:cooked_porkchop":4,"minecraft:bucket":56,"minecraft:andesite":4,"minecraft:splash_potion":1,"minecraft:bone_meal":154,"minecraft:cobweb":1},"minecraft:crafted":{"minecraft:cooked_chicken":5,"minecraft:furnace":1,"minecraft:bone_meal":138,"minecraft:bookshelf":2,"minecraft:cooked_mutton":10,"minecraft:flint_and_steel":1,"minecraft:spruce_stairs":48,"minecraft:diamond_leggings":1,"minecraft:iron_boots":2,"minecraft:spruce_slab":78,"minecraft:stone_pickaxe":1,"minecraft:chest":2,"minecraft:spruce_boat":1,"minecraft:minecart":1,"minecraft:cooked_beef":11,"minecraft:diamond_sword":2,"minecraft:emerald":19,"minecraft:cooked_porkchop":4,"minecraft:diamond_axe":2,"minecraft:crafting_table":8,"minecraft:spruce_planks":1252,"minecraft:baked_potato":156,"minecraft:iron_helmet":2,"minecraft:wooden_pickaxe":3,"minecraft:spruce_door":3,"minecraft:cooked_salmon":8,"minecraft:fletching_table":1,"minecraft:bucket":1,"minecraft:stone_axe":1,"minecraft:air":0,"minecraft:spruce_trapdoor":6,"minecraft:lectern":2,"minecraft:book":6,"minecraft:iron_chestplate":2,"minecraft:paper":45,"minecraft:diamond_pickaxe":2,"minecraft:stick":632,"minecraft:iron_ingot":64,"minecraft:iron_pickaxe":2,"minecraft:wooden_axe":3,"minecraft:iron_leggings":2,"minecraft:shears":1,"minecraft:diamond_chestplate":1},"minecraft:mined":{"minecraft:tuff":64,"minecraft:spruce_planks":231,"minecraft:white_bed":9,"minecraft:farmland":1,"minecraft:deepslate_diamond_ore":33,"minecraft:potted_cactus":1,"minecraft:brewing_stand":1,"minecraft:obsidian":19,"minecraft:glow_lichen":2,"minecraft:spruce_trapdoor":3,"minecraft:granite":6,"minecraft:budding_amethyst":1,"minecraft:grass_block":9,"minecraft:spruce_fence":2,"minecraft:spruce_leaves":71,"minecraft:composter":1,"minecraft:sandstone":5,"minecraft:spawner":2,"minecraft:large_fern":1,"minecraft:furnace":5,"minecraft:carrots":1,"minecraft:iron_ore":43,"minecraft:fire":14,"minecraft:barrel":3,"minecraft:andesite":6,"minecraft:stripped_spruce_log":2,"minecraft:fletching_table":1,"minecraft:bell":2,"minecraft:potatoes":82,"minecraft:deepslate_iron_ore":37,"minecraft:dirt_path":3,"minecraft:rail":88,"minecraft:iron_bars":1,"minecraft:lantern":9,"minecraft:packed_ice":3,"minecraft:stone":211,"minecraft:bone_block":73,"minecraft:spruce_slab":23,"minecraft:tripwire":1,"minecraft:deepslate_redstone_ore":13,"minecraft:light_gray_carpet":3,"minecraft:glass_pane":1,"minecraft:red_bed":5,"minecraft:soul_sand":5,"minecraft:crafting_table":6,"minecraft:torch":25,"minecraft:calcite":2,"minecraft:lectern":41,"minecraft:copper_ore":1,"minecraft:cobblestone":38,"minecraft:sugar_cane":35,"minecraft:oak_planks":4,"minecraft:diorite":3,"minecraft:blue_bed":6,"minecraft:wall_torch":13,"minecraft:amethyst_block":4,"minecraft:spruce_stairs":47,"minecraft:stripped_spruce_wood":27,"minecraft:wheat":35,"minecraft:ice":100,"minecraft:spruce_log":72,"minecraft:white_carpet":12,"minecraft:grass":4,"minecraft:coal_ore":56,"minecraft:gravel":11,"minecraft:sand":20,"minecraft:dirt":11,"minecraft:cobweb":17,"minecraft:smooth_basalt":1,"minecraft:stone_bricks":1,"minecraft:netherrack":10,"minecraft:gold_ore":16,"minecraft:deepslate":65,"minecraft:fern":1},"minecraft:broken":{"minecraft:iron_pickaxe":2,"minecraft:wooden_axe":2},"minecraft:picked_up":{"minecraft:crafting_table":6,"minecraft:wheat":28,"minecraft:chicken":5,"minecraft:flower_pot":1,"minecraft:diamond_sword":1,"minecraft:brewing_stand":1,"minecraft:amethyst_block":4,"minecraft:raw_copper":4,"minecraft:string":25,"minecraft:red_bed":5,"minecraft:soul_soil":8,"minecraft:white_carpet":12,"minecraft:iron_shovel":1,"minecraft:cobbled_deepslate":65,"minecraft:spruce_planks":231,"minecraft:beef":11,"minecraft:calcite":2,"minecraft:spruce_slab":24,"minecraft:poppy":2,"minecraft:light_gray_wool":33,"minecraft:minecart":4,"minecraft:lectern":41,"minecraft:sugar_cane":66,"minecraft:spruce_trapdoor":3,"minecraft:furnace":5,"minecraft:stick":7,"minecraft:raw_iron":113,"minecraft:sandstone":5,"minecraft:composter":1,"minecraft:torch":53,"minecraft:spruce_stairs":47,"minecraft:spruce_fence":2,"minecraft:porkchop":4,"minecraft:diorite":3,"minecraft:carrot":4,"minecraft:redstone":58,"minecraft:blue_carpet":1,"minecraft:rotten_flesh":30,"minecraft:arrow":9,"minecraft:cactus":1,"minecraft:obsidian":19,"minecraft:mutton":10,"minecraft:bone_block":73,"minecraft:iron_bars":1,"minecraft:rail":90,"minecraft:white_wool":51,"minecraft:cobblestone":244,"minecraft:feather":4,"minecraft:magma_cream":1,"minecraft:salmon":14,"minecraft:andesite":9,"minecraft:leather":6,"minecraft:potato":276,"minecraft:flint":4,"minecraft:tuff":60,"minecraft:stripped_spruce_wood":27,"minecraft:gunpowder":4,"minecraft:blue_bed":6,"minecraft:dirt":24,"minecraft:lantern":11,"minecraft:red_carpet":3,"minecraft:bone":8,"minecraft:stone_bricks":1,"minecraft:wheat_seeds":78,"minecraft:raw_gold":18,"minecraft:bell":2,"minecraft:stone_pickaxe":1,"minecraft:iron_ingot":11,"minecraft:cobweb":1,"minecraft:rabbit":1,"minecraft:fletching_table":1,"minecraft:oak_planks":9,"minecraft:soul_sand":5,"minecraft:smooth_basalt":1,"minecraft:poisonous_potato":2,"minecraft:gravel":32,"minecraft:sand":20,"minecraft:stripped_spruce_log":2,"minecraft:spruce_sapling":24,"minecraft:ink_sac":3,"minecraft:white_bed":9,"minecraft:spruce_log":310,"minecraft:barrel":3,"minecraft:spider_eye":2,"minecraft:spruce_door":2,"minecraft:diamond":33,"minecraft:spruce_boat":1,"minecraft:granite":6,"minecraft:bone_meal":2,"minecraft:gray_wool":1,"minecraft:baked_potato":2,"minecraft:light_gray_carpet":3,"minecraft:netherrack":48,"minecraft:coal":56},"minecraft:killed":{"minecraft:cave_spider":1,"minecraft:spider":10,"minecraft:skeleton":12,"minecraft:chicken":5,"minecraft:magma_cube":3,"minecraft:piglin":2,"minecraft:pig":2,"minecraft:salmon":13,"minecraft:iron_golem":3,"minecraft:creeper":2,"minecraft:sheep":7,"minecraft:zombie":39,"minecraft:ghast":2,"minecraft:cow":5}},"DataVersion":3465}