{"stats":{"minecraft:used":{"minecraft:iron_shovel":500,"minecraft:spruce_slab":83,"minecraft:poppy":1,"minecraft:bone_block":1,"minecraft:chest":2,"minecraft:bell":1,"minecraft:soul_sand":5,"minecraft:tuff":60,"minecraft:snowball":4,"minecraft:stripped_spruce_log":3,"minecraft:obsidian":10,"minecraft:spruce_boat":1,"minecraft:glass":128,"minecraft:lantern":11,"minecraft:stone_bricks":1,"minecraft:red_carpet":3,"minecraft:furnace":6,"minecraft:potato":307,"minecraft:stripped_spruce_wood":1,"minecraft:diorite":3,"minecraft:spruce_door":1,"minecraft:stone_pickaxe":63,"minecraft:wooden_pickaxe":17,"minecraft:leather_chestplate":1,"minecraft:sandstone":4,"minecraft:composter":3,"minecraft:blue_bed":3,"minecraft:diamond_axe":546,"minecraft:sugar_cane":22,"minecraft:golden_apple":2,"minecraft:sand":34,"minecraft:shears":31,"minecraft:bread":23,"minecraft:string":1,"minecraft:lectern":43,"minecraft:gravel":19,"minecraft:diamond_sword":272,"minecraft:andesite":4,"minecraft:bone_meal":397,"minecraft:cobweb":1,"minecraft:iron_bars":1,"minecraft:flint_and_steel":3,"minecraft:spruce_planks":911,"minecraft:cooked_salmon":6,"minecraft:stone_hoe":90,"minecraft:cooked_chicken":5,"minecraft:netherrack":26,"minecraft:torch":122,"minecraft:brewing_stand":1,"minecraft:dirt":188,"minecraft:white_carpet":3,"minecraft:spruce_stairs":77,"minecraft:granite":7,"minecraft:spruce_fence":2,"minecraft:wooden_axe":84,"minecraft:barrel":3,"minecraft:soul_soil":8,"minecraft:minecart":8,"minecraft:cooked_beef":11,"minecraft:cobbled_deepslate":40,"minecraft:wheat_seeds":78,"minecraft:cooked_mutton":10,"minecraft:water_bucket":77,"minecraft:snow_block":126,"minecraft:baked_potato":50,"minecraft:spruce_sign":1,"minecraft:fletching_table":2,"minecraft:rail":170,"minecraft:crafting_table":13,"minecraft:red_bed":3,"minecraft:white_bed":5,"minecraft:flower_pot":1,"minecraft:diamond_pickaxe":775,"minecraft:apple":1,"minecraft:mangrove_propagule":1,"minecraft:iron_pickaxe":493,"minecraft:spruce_trapdoor":16,"minecraft:spruce_sapling":2,"minecraft:stone_axe":39,"minecraft:blue_carpet":1,"minecraft:cobblestone":221,"minecraft:cooked_porkchop":4,"minecraft:bucket":78,"minecraft:splash_potion":1},"minecraft:mined":{"minecraft:spruce_planks":322,"minecraft:white_bed":9,"minecraft:farmland":1,"minecraft:potted_cactus":1,"minecraft:brewing_stand":1,"minecraft:granite":7,"minecraft:obsidian":19,"minecraft:spruce_trapdoor":7,"minecraft:budding_amethyst":1,"minecraft:grass_block":129,"minecraft:composter":2,"minecraft:spawner":2,"minecraft:barrel":3,"minecraft:iron_ore":43,"minecraft:fire":14,"minecraft:fletching_table":1,"minecraft:dirt_path":61,"minecraft:iron_bars":1,"minecraft:tripwire":1,"minecraft:spruce_slab":24,"minecraft:deepslate_redstone_ore":13,"minecraft:red_bed":5,"minecraft:torch":47,"minecraft:calcite":2,"minecraft:glass":8,"minecraft:cobblestone":39,"minecraft:oak_planks":4,"minecraft:sugar_cane":65,"minecraft:wall_torch":16,"minecraft:amethyst_block":4,"minecraft:wheat":35,"minecraft:light_gray_wool":30,"minecraft:grass":5,"minecraft:sand":206,"minecraft:dirt":42,"minecraft:smooth_basalt":1,"minecraft:netherrack":10,"minecraft:deepslate":65,"minecraft:tuff":64,"minecraft:deepslate_diamond_ore":33,"minecraft:glow_lichen":2,"minecraft:spruce_fence":2,"minecraft:spruce_leaves":71,"minecraft:sandstone":6,"minecraft:large_fern":1,"minecraft:furnace":5,"minecraft:carrots":1,"minecraft:snow":9,"minecraft:andesite":6,"minecraft:stripped_spruce_log":5,"minecraft:bell":2,"minecraft:potatoes":214,"minecraft:deepslate_iron_ore":37,"minecraft:rail":182,"minecraft:lantern":9,"minecraft:packed_ice":374,"minecraft:stone":214,"minecraft:bone_block":73,"minecraft:light_gray_carpet":3,"minecraft:glass_pane":1,"minecraft:soul_sand":5,"minecraft:snow_block":125,"minecraft:spruce_door":3,"minecraft:crafting_table":7,"minecraft:lectern":41,"minecraft:copper_ore":1,"minecraft:diorite":3,"minecraft:blue_bed":6,"minecraft:spruce_stairs":77,"minecraft:stripped_spruce_wood":37,"minecraft:ice":103,"minecraft:white_carpet":12,"minecraft:spruce_log":72,"minecraft:coal_ore":56,"minecraft:gravel":11,"minecraft:cobweb":17,"minecraft:stone_bricks":1,"minecraft:gold_ore":16,"minecraft:fern":1},"minecraft:broken":{"minecraft:iron_shovel":2,"minecraft:wooden_axe":2,"minecraft:iron_pickaxe":2},"minecraft:picked_up":{"minecraft:wheat":28,"minecraft:flower_pot":1,"minecraft:diamond_sword":1,"minecraft:brewing_stand":1,"minecraft:amethyst_block":4,"minecraft:string":27,"minecraft:soul_soil":8,"minecraft:raw_copper":4,"minecraft:cobbled_deepslate":65,"minecraft:spruce_planks":322,"minecraft:calcite":2,"minecraft:furnace":5,"minecraft:stick":7,"minecraft:composter":2,"minecraft:torch":82,"minecraft:spruce_stairs":77,"minecraft:porkchop":4,"minecraft:diorite":3,"minecraft:cactus":1,"minecraft:rotten_flesh":30,"minecraft:obsidian":19,"minecraft:iron_bars":1,"minecraft:snowball":479,"minecraft:cobblestone":248,"minecraft:feather":4,"minecraft:magma_cream":1,"minecraft:andesite":9,"minecraft:potato":768,"minecraft:flint":4,"minecraft:tuff":60,"minecraft:stripped_spruce_wood":35,"minecraft:lantern":11,"minecraft:dirt":234,"minecraft:bone":8,"minecraft:wheat_seeds":79,"minecraft:raw_gold":18,"minecraft:bell":2,"minecraft:fletching_table":1,"minecraft:rabbit":1,"minecraft:oak_planks":9,"minecraft:poisonous_potato":2,"minecraft:sand":243,"minecraft:stripped_spruce_log":5,"minecraft:ink_sac":3,"minecraft:barrel":3,"minecraft:diamond":33,"minecraft:spruce_boat":1,"minecraft:granite":7,"minecraft:bone_meal":2,"minecraft:emerald":1,"minecraft:light_gray_carpet":3,"minecraft:netherrack":48,"minecraft:crafting_table":7,"minecraft:chicken":5,"minecraft:red_bed":5,"minecraft:white_carpet":12,"minecraft:iron_shovel":1,"minecraft:beef":11,"minecraft:lectern":41,"minecraft:poppy":3,"minecraft:light_gray_wool":63,"minecraft:spruce_slab":25,"minecraft:minecart":9,"minecraft:sugar_cane":121,"minecraft:spruce_trapdoor":7,"minecraft:raw_iron":113,"minecraft:sandstone":6,"minecraft:spruce_fence":2,"minecraft:carrot":4,"minecraft:redstone":58,"minecraft:blue_carpet":1,"minecraft:arrow":9,"minecraft:mutton":10,"minecraft:white_wool":51,"minecraft:rail":184,"minecraft:bone_block":73,"minecraft:salmon":14,"minecraft:leather":6,"minecraft:gunpowder":4,"minecraft:blue_bed":6,"minecraft:red_carpet":3,"minecraft:stone_bricks":1,"minecraft:iron_ingot":11,"minecraft:stone_pickaxe":1,"minecraft:cobweb":1,"minecraft:soul_sand":5,"minecraft:smooth_basalt":1,"minecraft:gravel":32,"minecraft:spruce_sapling":24,"minecraft:white_bed":9,"minecraft:spruce_log":310,"minecraft:spruce_door":5,"minecraft:spider_eye":2,"minecraft:gray_wool":1,"minecraft:baked_potato":2,"minecraft:coal":61},"minecraft:killed":{"minecraft:cave_spider":1,"minecraft:spider":11,"minecraft:skeleton":12,"minecraft:chicken":5,"minecraft:magma_cube":3,"minecraft:piglin":2,"minecraft:pig":2,"minecraft:salmon":13,"minecraft:iron_golem":3,"minecraft:creeper":2,"minecraft:sheep":7,"minecraft:zombie":39,"minecraft:ghast":2,"minecraft:cow":5,"minecraft:enderman":1},"minecraft:dropped":{"minecraft:diamond_axe":1,"minecraft:baked_potato":12,"minecraft:emerald":1,"minecraft:flint":1,"minecraft:bone":3,"minecraft:gravel":13,"minecraft:cobbled_deepslate":19,"minecraft:rotten_flesh":24,"minecraft:oak_planks":5,"minecraft:salmon":1,"minecraft:gunpowder":2,"minecraft:arrow":4,"minecraft:poisonous_potato":2,"minecraft:iron_helmet":1,"minecraft:amethyst_block":4,"minecraft:wooden_axe":1,"minecraft:cooked_salmon":2,"minecraft:iron_leggings":1,"minecraft:iron_shovel":1,"minecraft:string":6,"minecraft:spruce_sapling":1,"minecraft:smooth_basalt":1,"minecraft:iron_boots":1,"minecraft:diamond_sword":2,"minecraft:potato":379,"minecraft:iron_chestplate":1,"minecraft:diamond_pickaxe":1,"minecraft:andesite":2,"minecraft:spider_eye":1,"minecraft:sandstone":2,"minecraft:stone_pickaxe":1,"minecraft:wooden_pickaxe":1,"minecraft:calcite":2},"minecraft:crafted":{"minecraft:cooked_chicken":5,"minecraft:bookshelf":2,"minecraft:cooked_mutton":10,"minecraft:glass":128,"minecraft:diamond_leggings":1,"minecraft:iron_boots":2,"minecraft:chest":2,"minecraft:stone_hoe":1,"minecraft:emerald":19,"minecraft:cooked_porkchop":4,"minecraft:diamond_axe":2,"minecraft:crafting_table":9,"minecraft:spruce_planks":1284,"minecraft:wooden_pickaxe":3,"minecraft:baked_potato":156,"minecraft:iron_helmet":2,"minecraft:spruce_door":3,"minecraft:fletching_table":1,"minecraft:spruce_trapdoor":10,"minecraft:lectern":2,"minecraft:iron_chestplate":2,"minecraft:book":6,"minecraft:paper":45,"minecraft:diamond_pickaxe":2,"minecraft:stick":636,"minecraft:iron_ingot":175,"minecraft:iron_pickaxe":2,"minecraft:snow_block":126,"minecraft:composter":1,"minecraft:shears":2,"minecraft:furnace":1,"minecraft:bone_meal":399,"minecraft:flint_and_steel":1,"minecraft:spruce_stairs":48,"minecraft:spruce_slab":90,"minecraft:stone_pickaxe":1,"minecraft:spruce_boat":1,"minecraft:minecart":1,"minecraft:cooked_beef":11,"minecraft:diamond_sword":2,"minecraft:spruce_sign":3,"minecraft:cooked_salmon":8,"minecraft:bucket":1,"minecraft:stone_axe":1,"minecraft:air":0,"minecraft:wooden_axe":3,"minecraft:iron_shovel":2,"minecraft:iron_leggings":2,"minecraft:diamond_chestplate":1},"minecraft:custom":{"minecraft:animals_bred":15,"minecraft:interact_with_crafting_table":47,"minecraft:open_barrel":35,"minecraft:bell_ring":40,"minecraft:leave_game":24,"minecraft:time_since_death":670992,"minecraft:sprint_one_cm":1518158,"minecraft:drop":73,"minecraft:talked_to_villager":107,"minecraft:play_time":685844,"minecraft:deaths":2,"minecraft:jump":10933,"minecraft:interact_with_brewingstand":1,"minecraft:walk_on_water_one_cm":55410,"minecraft:interact_with_furnace":119,"minecraft:traded_with_villager":20,"minecraft:sleep_in_bed":30,"minecraft:damage_dealt":17852,"minecraft:crouch_one_cm":94573,"minecraft:mob_kills":112,"minecraft:climb_one_cm":2388,"minecraft:walk_one_cm":1171071,"minecraft:sneak_time":23658,"minecraft:walk_under_water_one_cm":47911,"minecraft:boat_one_cm":1651,"minecraft:total_world_time":685844,"minecraft:pot_flower":1,"minecraft:time_since_rest":8040,"minecraft:damage_absorbed":79,"minecraft:damage_taken":3847,"minecraft:swim_one_cm":90026,"minecraft:fly_one_cm":2801363,"minecraft:open_chest":83,"minecraft:fall_one_cm":196353}},"DataVersion":3465}