{"stats":{"minecraft:crafted":{"minecraft:crafting_table":1,"minecraft:spruce_planks":160,"minecraft:baked_potato":21,"minecraft:wooden_pickaxe":1,"minecraft:bone_meal":30,"minecraft:stone_axe":1,"minecraft:air":0,"minecraft:stick":8,"minecraft:stone_pickaxe":1,"minecraft:spruce_boat":1,"minecraft:torch":12},"minecraft:mined":{"minecraft:tuff":6,"minecraft:spruce_planks":1,"minecraft:crafting_table":1,"minecraft:torch":2,"minecraft:granite":6,"minecraft:grass_block":1,"minecraft:copper_ore":3,"minecraft:cobblestone":11,"minecraft:spruce_leaves":11,"minecraft:wall_torch":4,"minecraft:amethyst_block":1,"minecraft:iron_ore":1,"minecraft:spruce_log":13,"minecraft:deepslate_iron_ore":4,"minecraft:gravel":6,"minecraft:dirt":6,"minecraft:stone":134,"minecraft:netherrack":1,"minecraft:gold_ore":1,"minecraft:deepslate":52,"minecraft:fern":1},"minecraft:dropped":{"minecraft:stone_axe":1,"minecraft:wheat_seeds":1,"minecraft:poisonous_potato":2,"minecraft:granite":5,"minecraft:grass_block":1,"minecraft:diamond_pickaxe":2,"minecraft:bone_meal":30,"minecraft:wooden_pickaxe":1,"minecraft:redstone":64},"minecraft:killed":{"minecraft:witch":1,"minecraft:spider":4,"minecraft:creeper":3,"minecraft:skeleton":2,"minecraft:zombie":16,"minecraft:enderman":1},"minecraft:custom":{"minecraft:interact_with_furnace":23,"minecraft:mob_kills":27,"minecraft:interact_with_crafting_table":3,"minecraft:open_barrel":5,"minecraft:leave_game":3,"minecraft:time_since_death":70199,"minecraft:sleep_in_bed":2,"minecraft:time_since_rest":13243,"minecraft:sprint_one_cm":161812,"minecraft:damage_taken":832,"minecraft:walk_one_cm":163561,"minecraft:drop":10,"minecraft:damage_dealt":5941,"minecraft:swim_one_cm":3083,"minecraft:fly_one_cm":180748,"minecraft:open_chest":6,"minecraft:crouch_one_cm":31475,"minecraft:play_time":70199,"minecraft:sneak_time":11294,"minecraft:walk_under_water_one_cm":685,"minecraft:jump":1421,"minecraft:walk_on_water_one_cm":4415,"minecraft:total_world_time":70199,"minecraft:fall_one_cm":36396},"minecraft:used":{"minecraft:amethyst_block":1,"minecraft:stone_pickaxe":53,"minecraft:baked_potato":13,"minecraft:spruce_planks":26,"minecraft:wooden_pickaxe":19,"minecraft:diamond_axe":3,"minecraft:cooked_salmon":2,"minecraft:rotten_flesh":6,"minecraft:netherrack":1,"minecraft:torch":19,"minecraft:dirt":7,"minecraft:crafting_table":2,"minecraft:spruce_boat":1,"minecraft:diamond_pickaxe":153,"minecraft:bread":3,"minecraft:stone_axe":36,"minecraft:diamond_sword":82,"minecraft:cobblestone":72,"minecraft:cobbled_deepslate":15},"minecraft:picked_up":{"minecraft:crafting_table":1,"minecraft:iron_chestplate":1,"minecraft:diamond_sword":1,"minecraft:potato":109,"minecraft:gunpowder":4,"minecraft:amethyst_block":1,"minecraft:lapis_lazuli":159,"minecraft:dirt":9,"minecraft:string":7,"minecraft:raw_copper":247,"minecraft:cooked_salmon":2,"minecraft:iron_leggings":1,"minecraft:bone":4,"minecraft:wheat_seeds":2,"minecraft:gold_nugget":41,"minecraft:cobbled_deepslate":46,"minecraft:raw_gold":22,"minecraft:spruce_planks":1,"minecraft:iron_ingot":1,"minecraft:iron_boots":1,"minecraft:raw_iron":126,"minecraft:stick":1,"minecraft:torch":8,"minecraft:poisonous_potato":2,"minecraft:spruce_sapling":4,"minecraft:spruce_log":72,"minecraft:grass_block":1,"minecraft:redstone":168,"minecraft:arrow":3,"minecraft:rotten_flesh":17,"minecraft:diamond":1,"minecraft:spruce_boat":1,"minecraft:iron_helmet":1,"minecraft:diamond_axe":1,"minecraft:granite":5,"minecraft:bone_meal":30,"minecraft:baked_potato":10,"minecraft:netherrack":1,"minecraft:coal":35,"minecraft:cobblestone":142,"minecraft:diamond_pickaxe":3}},"DataVersion":3465}